datafolder,date_scanned,sample,old_sample,new_sample,pilot_sample,accession_num,field_collection_num,notes,section,species,population/lineage,scanner,geo_loc,geo_2,GPS?,lat,lon,genome_confirmed,leaves_sampled,included in JBio?,included in Misiewicz et al. 2023?,included by Ben Sims,damasco DDRAD
20March2025,20032025,1,1,,,,,,Papilloprotium,subserratum,A ,aaron,,,,,,FALSE,,,,,
20March2025,20032025,2,2,,,,,,Papilloprotium,subserratum,A ,aaron,,,,,,FALSE,,,,,
20March2025,20032025,3,3,,,,,,Papilloprotium,subserratum,A ,aaron,,,,,,FALSE,,,,,
20March2025,20032025,4,4,,,,,,Papilloprotium,subserratum,A ,aaron,,,,,,FALSE,,,,,
20March2025,20032025,5,5,,,,,,Papilloprotium,subserratum,A ,aaron,,,,,,FALSE,,,,,
20March2025,20032025,6,6,,,,,,Papilloprotium,subserratum,A ,aaron,,,,,,FALSE,,,,,
20March2025,20032025,7,7,,,,,,Papilloprotium,subserratum,F,aaron,,,,,,FALSE,,,,,
20March2025,20032025,8,8,,,,,,Papilloprotium,subserratum,F,aaron,,,,,,FALSE,,,,,
20March2025,20032025,9,9,,,,,,Papilloprotium,subserratum,F,aaron,,,,,,FALSE,,,,,
20March2025,20032025,10,10,,,,,,Papilloprotium,subserratum,F,aaron,,,,,,FALSE,,,,,
20March2025,20032025,11,11,,,,,,Papilloprotium,subserratum,F,aaron,,,,,,FALSE,,,,,
20March2025,20032025,12,12,,,,,,Papilloprotium,subserratum,F,aaron,,,,,,FALSE,,,,,
20March2025,20032025,13,13,,,,,,Papilloprotium,alvarezianum,,aaron,,,,,,FALSE,,,,,
20March2025,20032025,14,14,,,,,,Papilloprotium,alvarezianum,,aaron,,,,,,FALSE,,,,,
20March2025,20032025,15,15,,,,,,Papilloprotium,alvarezianum,,aaron,,,,,,FALSE,,,,,
20March2025,20032025,16,16,,,,,,Papilloprotium,alvarezianum,,aaron,,,,,,FALSE,,,,,
20March2025,20032025,17,17,,,,,,Papilloprotium,alvarezianum,,aaron,,,,,,FALSE,,,,,
20March2025,20032025,18,18,,,,,,Icica,trifoliolatum,,aaron,,,,,,FALSE,,,,,
20March2025,20032025,19,19,,,,,,Icica,trifoliolatum,,aaron,,,,,,FALSE,,,,,
20March2025,20032025,20,20,,,,,,Icica,trifoliolatum,,aaron,,,,,,FALSE,,,,,
20March2025,20032025,21,21,,,,,,Icica,trifoliolatum,,aaron,,,,,,FALSE,,,,,
20March2025,20032025,22,22,,,,,,Icica,trifoliolatum,,aaron,,,,,,FALSE,,,,,
20March2025,20032025,23,23,,,,,,Icica,paniculatum,,aaron,,,,,,FALSE,,,,,
20March2025,20032025,24,24,,,,,,Icica,paniculatum,,aaron,,,,,,FALSE,,,,,
20March2025,20032025,25,25,,,,,,Icica,paniculatum,,aaron,,,,,,FALSE,,,,,
20March2025,20032025,26,26,,,,,,Icica,paniculatum,,aaron,,,,,,FALSE,,,,,
20March2025,20032025,27,27,,,,,,Icica,paniculatum,,aaron,,,,,,FALSE,,,,,
20March2025,20032025,28,28,,,,,,Icica,altsonii,,aaron,,,,,,FALSE,,,,,
20March2025,20032025,29,29,,,,,,Icica,altsonii,,aaron,,,,,,FALSE,,,,,
20March2025,20032025,30,30,,,,,,Icica,altsonii,,aaron,,,,,,FALSE,,,,,
20March2025,20032025,31,31,,,,,,Icica,altsonii,,aaron,,,,,,FALSE,,,,,
20March2025,20032025,32,32,,,,,,Icica,altsonii,,aaron,,,,,,FALSE,,,,,
20March2025,20032025,33,33,,,,,,Icica,divaricatum subsp. divaricatum,,aaron,,,,,,FALSE,,,,,
20March2025,20032025,34,34,,,,,,Icica,divaricatum subsp. divaricatum,,aaron,,,,,,FALSE,,,,,
20March2025,20032025,35,35,,,,,,Icica,divaricatum subsp. divaricatum,,aaron,,,,,,FALSE,,,,,
20March2025,20032025,36,36,,,,,,Icica,divaricatum subsp. divaricatum,,aaron,,,,,,FALSE,,,,,
20March2025,20032025,37,37,,,,,,Icica,divaricatum subsp. divaricatum,,aaron,,,,,,FALSE,,,,,
20March2025,20032025,38,38,,,,,,Pepeanthos,amazonicum,,aaron,,,,,,FALSE,,,,,
20March2025,20032025,39,39,,,,,,Pepeanthos,amazonicum,,aaron,,,,,,FALSE,,,,,
20March2025,20032025,40,40,,,,,,Pepeanthos,amazonicum,,aaron,,,,,,FALSE,,,,,
20March2025,20032025,41,41,,,,,,Pepeanthos,amazonicum,,aaron,,,,,,FALSE,,,,,
20March2025,20032025,42,42,,,,,,Pepeanthos,amazonicum,,aaron,,,,,,FALSE,,,,,
20March2025,20032025,43,43,,,,,,Pepeanthos,urophyllidium,,aaron,,,,,,FALSE,,,,,
20March2025,20032025,44,44,,,,,,Pepeanthos,urophyllidium,,aaron,,,,,,FALSE,,,,,
20March2025,20032025,45,45,,,,,,Pepeanthos,urophyllidium,,aaron,,,,,,FALSE,,,,,
20March2025,20032025,46,46,,,,,,Pepeanthos,urophyllidium,,aaron,,,,,,FALSE,,,,,
20March2025,20032025,47,47,,,,,,Pepeanthos,urophyllidium,,aaron,,,,,,FALSE,,,,,
20March2025,20032025,48,48,,,,,,Papilloprotium,ferrugineum,,aaron,,,,,,FALSE,,,,,
20March2025,20032025,49,49,,,,,,Papilloprotium,ferrugineum,,aaron,,,,,,FALSE,,,,,
20March2025,20032025,50,50,,,,,,Papilloprotium,ferrugineum,,aaron,,,,,,FALSE,,,,,
20March2025,20032025,51,51,,,,,,Papilloprotium,ferrugineum,,aaron,,,,,,FALSE,,,,,
20March2025,20032025,52,52,,,,,,Papilloprotium,ferrugineum,,aaron,,,,,,FALSE,,,,,
23April2025,23042025,100,100,,,,JHPS18,,Papilloprotium,subserratum,A or C,aaron,Jenaro Herrera,terra firme,see ND file,,,FALSE,,,,,
23April2025,23042025,101,101,,,,JHPS20,,Papilloprotium,subserratum,A or C,aaron,Jenaro Herrera,terra firme,see ND file,,,FALSE,,,,,
23April2025,23042025,102,102,,,,JHPS22,,Papilloprotium,subserratum,A or C,aaron,Jenaro Herrera,terra firme,see ND file,,,FALSE,,,,,
23April2025,23042025,103,103,,,,JHPS23,,Papilloprotium,subserratum,A or C,aaron,Jenaro Herrera,terra firme,see ND file,,,FALSE,,,,,
23April2025,23042025,104,104,,,,JHPS27,,Papilloprotium,subserratum,A or C,aaron,Jenaro Herrera,terra firme,see ND file,,,FALSE,,,,,
23April2025,23042025,105,105,,,,JHPS28,,Papilloprotium,subserratum,A or C,aaron,Jenaro Herrera,terra firme,see ND file,,,FALSE,,,,,
23April2025,23042025,106,106,,,,JHPS37,,Papilloprotium,subserratum,A or C,aaron,Jenaro Herrera,terra firme,see ND file,,,FALSE,,,,,
23April2025,23042025,107,107,,,,JHPS42,,Papilloprotium,subserratum,A or C,aaron,Jenaro Herrera,terra firme,see ND file,,,FALSE,,,,,
23April2025,23042025,108,108,,,,JHPS43,,Papilloprotium,subserratum,A or C,aaron,Jenaro Herrera,terra firme,see ND file,,,FALSE,,,,,
23April2025,23042025,109,109,,,,JHPS16,14B 3/332,Papilloprotium,subserratum,A or C,aaron,Jenaro Herrera,terra firme,see ND file,,,FALSE,,yes,,,
23April2025,23042025,110,110,,,,JHPS17,2H 6/78A placa 28,Papilloprotium,subserratum,A or C,aaron,Jenaro Herrera,terra firme,see ND file,,,FALSE,,yes,,,
23April2025,23042025,111,111,,,,JHPS19,,Papilloprotium,subserratum,A or C,aaron,Jenaro Herrera,terra firme,see ND file,,,FALSE,,yes,,,
23April2025,23042025,112,112,,,,JHPS21,,Papilloprotium,subserratum,A or C,aaron,Jenaro Herrera,terra firme,see ND file,,,FALSE,,yes,,,
23April2025,23042025,113,113,,,,JHPS35,,Papilloprotium,subserratum,A or C,aaron,Jenaro Herrera,terra firme,see ND file,,,FALSE,,yes,,,
23April2025,23042025,114,114,,,,JHPS36,,Papilloprotium,subserratum,A or C,aaron,Jenaro Herrera,terra firme,see ND file,,,FALSE,,yes,,,
23April2025,23042025,115,115,,,,JHPS38,,Papilloprotium,subserratum,A or C,aaron,Jenaro Herrera,terra firme,see ND file,,,FALSE,,yes,,,
23April2025,23042025,116,116,,,,JHPS39,,Papilloprotium,subserratum,A or C,aaron,Jenaro Herrera,terra firme,see ND file,,,FALSE,,yes,,,
23April2025,23042025,117,117,,,,JHPS40,8 extra readings/2 leaves which should be located on 118,Papilloprotium,subserratum,A or C,aaron,Jenaro Herrera,terra firme,see ND file,,,FALSE,,yes,,,
23April2025,23042025,118,118,,,,JHPS41,,Papilloprotium,subserratum,A or C,aaron,Jenaro Herrera,terra firme,see ND file,,,FALSE,,yes,,,
23April2025,23042025,119,119,,,,G2,,Papilloprotium,subserratum,G,aaron,Guyana,,see jbio paper,,,FALSE,,yes,,,
23April2025,23042025,120,120,,,,G8,"6 scans total, 1x each side for 3 leaves due to leaf size",Papilloprotium,subserratum,G,aaron,Guyana,,see jbio paper,,,FALSE,,,,,
23April2025,23042025,121,121,,,,G6,,Papilloprotium,subserratum,G,aaron,Guyana,,see jbio paper,,,FALSE,,,,,
23April2025,23042025,122,122,,,,G9,,Papilloprotium,subserratum,G,aaron,Guyana,,see jbio paper,,,FALSE,,,,,
23April2025,23042025,123,123,,,,G18,,Papilloprotium,subserratum,G,aaron,Guyana,,see jbio paper,,,FALSE,,,,,
23April2025,23042025,124,124,,,,G13,,Papilloprotium,subserratum,G,aaron,Guyana,,see jbio paper,,,FALSE,,yes,,,
23April2025,23042025,125,125,,,,G12,,Papilloprotium,subserratum,G,aaron,Guyana,,see jbio paper,,,FALSE,,,,,
23April2025,23042025,126,126,,,,ALLPA45,not scanable,Papilloprotium,subserratum,F,aaron,Iquitos,Allpahuayo-KM,,,,FALSE,,yes,,,
23April2025,23042025,127,127,,,,AMA15,,Papilloprotium,subserratum,F,aaron,Iquitos,Allpahuayo-KM,,,,FALSE,,,,,
23April2025,23042025,128,128,,,,AMA53,,Papilloprotium,subserratum,F,aaron,Iquitos,Allpahuayo-KM,,,,FALSE,,yes,,,
23April2025,23042025,129,129,,,,ALLPA48,,Papilloprotium,subserratum,F,aaron,Iquitos,Allpahuayo-KM,,,,FALSE,,,,,
23April2025,23042025,130,130,,,,ALLPA52,,Papilloprotium,subserratum,F,aaron,Iquitos,Allpahuayo-KM,,,,FALSE,,,,,
23April2025,23042025,131,131,,,,ALLPA49,,Papilloprotium,subserratum,F,aaron,Iquitos,Allpahuayo-KM,,,,FALSE,,,,,
23April2025,23042025,132,132,,,,ALLPA51,one extra scan,Papilloprotium,subserratum,F,aaron,Iquitos,Allpahuayo-KM,,,,FALSE,,,,,
23April2025,23042025,133,133,,,,ALLPA47,,Papilloprotium,subserratum,F,aaron,Iquitos,Allpahuayo-KM,,,,FALSE,,,,,
23April2025,23042025,134,134,,,,AMA14,,Papilloprotium,subserratum,F,aaron,Iquitos,Allpahuayo-KM,,,,TRUE,,yes,,yes,
23April2025,23042025,135,135,,,,AMA13,,Papilloprotium,subserratum,F,aaron,Iquitos,Allpahuayo-KM,,,,TRUE,,yes,,yes,
23April2025,23042025,136,136,,,,,27.10.2005,Papilloprotium,subserratum,F,aaron,Iquitos,Allpahuayo-Porvenir,,,,FALSE,,,,,
23April2025,23042025,137,137,,,,,27.10.2025 same individual as Protium136,Papilloprotium,subserratum,F,aaron,Iquitos,Allpahuayo-Porvenir,,,,FALSE,,,,,
23April2025,23042025,138,138,,,,AMA45,,Papilloprotium,subserratum,F,aaron,Iquitos,Allpahuayo-KM,,,,FALSE,,yes,,,
23April2025,23042025,139,139,,,,AMA47,,Papilloprotium,subserratum,F,aaron,Iquitos,Allpahuayo-KM,,,,FALSE,,,,,
23April2025,23042025,140,140,,,,AMA44,,Papilloprotium,subserratum,F,aaron,Iquitos,Allpahuayo-KM,,,,FALSE,,yes,,,
23April2025,23042025,141,141,,,,ALLPA50,,Papilloprotium,subserratum,F,aaron,Iquitos,Allpahuayo-KM,,,,FALSE,,yes,,,
23April2025,23042025,142,142,,,,AMA48,,Papilloprotium,subserratum,F,aaron,Iquitos,Allpahuayo-KM,,,,FALSE,,,,,
23April2025,23042025,143,143,,,,AMA47,same individual as Protium139,Papilloprotium,subserratum,F,aaron,Iquitos,Allpahuayo-KM,,,,FALSE,,,,,
23April2025,23042025,144,144,,,,AMA51,,Papilloprotium,subserratum,F,aaron,Iquitos,Allpahuayo-KM,,,,FALSE,,,,,
23April2025,23042025,145,145,,,,AMA49,,Papilloprotium,subserratum,F,aaron,Iquitos,Allpahuayo-KM,,,,FALSE,,,,,
23April2025,23042025,146,146,,,,M.C7,(M.=Manaus),Papilloprotium,subserratum,F,aaron,Brazil,ZF2,,,,FALSE,,,,,
23April2025,23042025,147,147,,,,M.C6,,Papilloprotium,subserratum,F,aaron,Brazil,ZF2,,,,FALSE,,,,,
23April2025,23042025,148,148,,,,M.C5,,Papilloprotium,subserratum,F,aaron,Brazil,ZF2,,,,FALSE,,,,,
23April2025,23042025,149,149,,,,M.C3,,Papilloprotium,subserratum,F,aaron,Brazil,ZF2,,,,FALSE,,,,,
23April2025,23042025,150,150,,,,M.C1,,Papilloprotium,subserratum,F,aaron,Brazil,ZF2,,,,FALSE,,,,,yes
23April2025,23042025,151,151,,,,M.B2,,Papilloprotium,subserratum,F,aaron,Brazil,ZF2,,,,FALSE,,,,,yes
23April2025,23042025,152,152,,,,M.C4,,Papilloprotium,subserratum,F,aaron,Brazil,ZF2,,,,FALSE,,,,,
23April2025,23042025,153,153,,,,M.C9,,Papilloprotium,subserratum,F,aaron,Brazil,ZF2,,,,FALSE,,,,,
23April2025,23042025,154,154,,,,M.B1,,Papilloprotium,subserratum,B,aaron,Brazil,ZF2,,,,TRUE,,,,yes,yes
23April2025,23042025,155,155,,,,M.C10,No leaves,Papilloprotium,subserratum,,aaron,Brazil,ZF2,,,,FALSE,,,,,
23April2025,23042025,156,156,,,,M.C8,,Papilloprotium,subserratum,F,aaron,Brazil,ZF2,,,,TRUE,,,,yes,yes
23April2025,23042025,157,157,,,,M.C11,,Papilloprotium,subserratum,B,aaron,Brazil,ZF2,,,,TRUE,,,,yes,
23April2025,23042025,158,158,,,,M.C2,,Papilloprotium,subserratum,F,aaron,Brazil,ZF2,,,,FALSE,,,,,
23April2025,23042025,159,159,,,,PF138,retaken,Icica,paniculatum,,aaron,,,,,,FALSE,,,,,
23April2025,23042025,160,160,,,,AMA42,retaken same as Protium6 (AMA 42),Papilloprotium,subserratum,A ,aaron,Iquitos,AM-carretera,,,,FALSE,,,,,
23April2025,23042025,161,161,,,,AMA5,retaken same as Protium5,Papilloprotium,subserratum,A ,aaron,Iquitos,AM-carretera,,,,FALSE,,yes,,,
23April2025,23042025,162,162,,,,AMA42,"8 extra scans/20 total (retaken, same as Protium4)",Papilloprotium,subserratum,A ,aaron,Iquitos,AM-carretera,,,,FALSE,,,,,
23April2025,23042025,163,163,,,,AMA21,"retaken, same as Protium3",Papilloprotium,subserratum,A ,aaron,Iquitos,AM-carretera,,,,FALSE,,yes,,,
23April2025,23042025,164,164,,,,AMA29,"retaken, same as Protium2",Papilloprotium,subserratum,A ,aaron,Iquitos,AM-carretera,,,,FALSE,,yes,,,
23April2025,23042025,165,165,,,,ALLPA1,"retaken, same as Protium1",Papilloprotium,subserratum,A ,aaron,Iquitos,AM-carretera,,,,FALSE,,yes,,,
23April2025,23042025,166,166,,,,G1,same individual as Protium170,Papilloprotium,subserratum,G,aaron,Guyana,,,,,FALSE,,yes,,,
23April2025,23042025,167,167,,,,G10,,Papilloprotium,subserratum,G,aaron,Guyana,,,,,FALSE,,yes,,,
23April2025,23042025,168,168,,,,G17,,Papilloprotium,subserratum,G,aaron,Guyana,,,,,FALSE,,yes,,,
23April2025,23042025,169,169,,,,G3,same individual as Protium173,Papilloprotium,subserratum,G,aaron,Guyana,,,,,FALSE,,yes,,,
23April2025,23042025,170,170,,,,G1,same individual as Protium166,Papilloprotium,subserratum,G,aaron,Guyana,,,,,FALSE,,yes,,,
23April2025,23042025,171,171,,,,G7,,Papilloprotium,subserratum,G,aaron,Guyana,,,,,FALSE,,yes,,,
23April2025,23042025,172,172,,,,G4,,Papilloprotium,subserratum,G,aaron,Guyana,,,,,FALSE,,yes,,,
23April2025,23042025,173,173,,,,G3,same individual as Protium169,Papilloprotium,subserratum,G,aaron,Guyana,,,,,FALSE,,yes,,,
23April2025,23042025,174,174,,,,AMA22,,Papilloprotium,subserratum,A ,aaron,Iquitos,AM-carretera,,,,FALSE,,,,,
23April2025,23042025,175,175,,,,AMA25,,Papilloprotium,subserratum,A ,aaron,Iquitos,AM-carretera,,,,FALSE,,,,,
23April2025,23042025,176,176,,,,AMA32,,Papilloprotium,subserratum,A ,aaron,Iquitos,AM-carretera,,,,FALSE,,,,,
23April2025,23042025,177,177,,,,AMA35,,Papilloprotium,subserratum,A ,aaron,Iquitos,AM-carretera,,,,FALSE,,,,,
23April2025,23042025,178,178,,,,AMA22,,Papilloprotium,subserratum,A ,aaron,Iquitos,AM-carretera,,,,FALSE,,,,,
23April2025,23042025,179,179,,,,AMA19B,,Papilloprotium,subserratum,A ,aaron,Iquitos,AM-carretera,,,,FALSE,,,,,
23April2025,23042025,180,180,,,,AMA19,,Papilloprotium,subserratum,A ,aaron,Iquitos,AM-carretera,,,,FALSE,,,,,
23April2025,23042025,181,181,,,,AMA17,,Papilloprotium,subserratum,A ,aaron,Iquitos,AM-carretera,,,,TRUE,,,,yes,
23April2025,23042025,182,182,,,,AMA17,,Papilloprotium,subserratum,A ,aaron,Iquitos,AM-carretera,,,,TRUE,,,,yes,
23April2025,23042025,183,183,,,,AMA37,,Papilloprotium,subserratum,A ,aaron,Iquitos,AM-carretera,,,,FALSE,,,,,
23April2025,23042025,184,184,,,,AMA24,,Papilloprotium,subserratum,A ,aaron,Iquitos,AM-carretera,,,,FALSE,,,,,
23April2025,23042025,185,185,,,,AMA5B,,Papilloprotium,subserratum,A ,aaron,Iquitos,AM-carretera,,,,FALSE,,,,,
23April2025,23042025,186,186,,,,AMA5,,Papilloprotium,subserratum,A ,aaron,Iquitos,AM-carretera,,,,FALSE,,,,,
23April2025,23042025,187,187,,,,AMA6B,,Papilloprotium,subserratum,A ,aaron,Iquitos,AM-carretera,,,,FALSE,,,,,
23April2025,23042025,188,188,,,,AMA6,,Papilloprotium,subserratum,A ,aaron,Iquitos,AM-carretera,,,,FALSE,,,,,
23April2025,23042025,189,189,,,,AMA38,,Papilloprotium,subserratum,A ,aaron,Iquitos,AM-carretera,,,,FALSE,,,,,
23April2025,23042025,190,190,,,,AMA39,,Papilloprotium,subserratum,A ,aaron,Iquitos,AM-carretera,,,,FALSE,,,,,
23April2025,23042025,191,191,,,,ALPA44,"retaken, same as Protium12",Papilloprotium,subserratum,blanco,aaron,Iquitos,AM-carretera,,,,FALSE,,yes,,,
23April2025,23042025,192,192,,,,AMA45,"retaken, same as Protium11",Papilloprotium,subserratum,blanco,aaron,Iquitos,AM-carretera,,,,FALSE,,yes,,,
23April2025,23042025,193,193,,,,AMA50,"retaken, same as Protium10",Papilloprotium,subserratum,blanco,aaron,Iquitos,AM-carretera,,,,FALSE,,yes,,,
23April2025,23042025,194,194,,,,SUB51,"retaken, same as Protium9",Papilloprotium,subserratum,blanco,aaron,Iquitos,AM-carretera,,,,FALSE,,,,,
23April2025,23042025,195,195,,,,AMA53,"retaken, same as Protium8",Papilloprotium,subserratum,blanco,aaron,Iquitos,AM-carretera,,,,FALSE,,yes,,,
23April2025,23042025,196,196,,,,AMA52,"retaken, same as Protium7",Papilloprotium,subserratum,blanco,aaron,Iquitos,AM-carretera,,,,FALSE,,,,,
30April2025,30042025,197,197,,,,AMA26,,Papilloprotium,subserratum,A ,aaron,Iquitos,AM-carretera,,,,FALSE,,,,,
30April2025,30042025,198,198,,,,AMA9,,Papilloprotium,subserratum,A ,aaron,Iquitos,AM-carretera,,,,FALSE,,,,,
30April2025,30042025,199,199,,,,AMA36,,Papilloprotium,subserratum,A ,aaron,Iquitos,AM-carretera,,,,FALSE,,yes,,,
30April2025,30042025,200,200,,,,ALLPA8,looks a little blanco-like,Papilloprotium,subserratum,A ,aaron,Iquitos,AM-carretera,,,,FALSE,,yes,,,
30April2025,30042025,201,201,,,,AMA10,,Papilloprotium,subserratum,A ,aaron,Iquitos,AM-carretera,,,,FALSE,,yes,,,
30April2025,30042025,202,202,,,,AMA24,,Papilloprotium,subserratum,A ,aaron,Iquitos,AM-carretera,,,,FALSE,,,,,
30April2025,30042025,203,203,,,,AMA14,,Papilloprotium,subserratum,F,aaron,Iquitos,AM-carretera,,,,FALSE,,,,,
30April2025,30042025,204,204,,,,AMA12,,Papilloprotium,subserratum,A,aaron,Iquitos,AM-carretera,,,,FALSE,,,,,
30April2025,30042025,205,205,,,,AMA11,,Papilloprotium,subserratum,A ,aaron,Iquitos,AM-carretera,,,,FALSE,,,,,
30April2025,30042025,206,206,,,,AMA24 or 29,,Papilloprotium,subserratum,A,aaron,Iquitos,AM-carretera,,,,FALSE,,"if 29, yes",,,
30April2025,30042025,207,207,,,,ALLPA20,,Papilloprotium,subserratum,A ,aaron,Iquitos,AM-carretera,,,,TRUE,,,,yes,
30April2025,30042025,208,208,,,,ALLPA17,,Papilloprotium,subserratum,A ,aaron,Iquitos,AM-carretera,,,,TRUE,,,,yes,
30April2025,30042025,209,209,,,,ALLPA23,,Papilloprotium,subserratum,A,aaron,Iquitos,AM-carretera,,,,FALSE,,,,,
30April2025,30042025,210,210,,,,ALLPA10,no leaves,Papilloprotium,,,aaron,,,,,,FALSE,,,,,
30April2025,30042025,211,211,,,,ALLPA36,,Papilloprotium,subserratum,A,aaron,Iquitos,AM-carretera,,,,FALSE,,,,,
30April2025,30042025,212,212,,,,ALLPA22,,Papilloprotium,subserratum,A,aaron,Iquitos,AM-carretera,,,,FALSE,,,,,
30April2025,30042025,213,213,,,,ALLPA2,,Papilloprotium,subserratum,A,aaron,Iquitos,AM-carretera,,,,FALSE,,,,,
30April2025,30042025,214,214,,,,ALLPA1,,Papilloprotium,subserratum,A,aaron,Iquitos,AM-carretera,,,,FALSE,,,,,
30April2025,30042025,215,215,,,,AMA37,,Papilloprotium,subserratum,A,aaron,Iquitos,AM-carretera,,,,FALSE,,,,,
30April2025,30042025,216,216,,,,AMA25,,Papilloprotium,subserratum,A,aaron,Iquitos,AM-carretera,,,,FALSE,,,,,
30April2025,30042025,217,217,,,,AMA32,,Papilloprotium,subserratum,A,aaron,Iquitos,AM-carretera,,,,FALSE,,yes,,,
30April2025,30042025,218,218,,,,AMA39,,Papilloprotium,subserratum,A,aaron,Iquitos,AM-carretera,,,,FALSE,,,,,
30April2025,30042025,219,219,,,,AMA28,,Papilloprotium,subserratum,A,aaron,Iquitos,AM-carretera,,,,FALSE,,yes,,,
30April2025,30042025,220,220,,,,AMA38,,Papilloprotium,subserratum,A,aaron,Iquitos,AM-carretera,,,,FALSE,,,,,
30April2025,30042025,221,221,,,,AMA36,,Papilloprotium,subserratum,A,aaron,Iquitos,AM-carretera,,,,FALSE,,yes,,,
30April2025,30042025,222,222,,,,AMA35,,Papilloprotium,subserratum,A,aaron,Iquitos,AM-carretera,,,,FALSE,,,,,
30April2025,30042025,223,223,,,,AMA20,,Papilloprotium,subserratum,A,aaron,Iquitos,AM-carretera,,,,FALSE,,yes,,,
30April2025,30042025,224,224,,,,AMA43,,Papilloprotium,subserratum,A,aaron,Iquitos,AM-carretera,,,,FALSE,,,,,
30April2025,30042025,225,225,,,,AMA26,,Papilloprotium,subserratum,A,aaron,Iquitos,AM-carretera,,,,FALSE,,,,,
30April2025,30042025,226,226,,,,ALLPA4,,Papilloprotium,subserratum,A,aaron,Iquitos,AM-carretera,,,,FALSE,,yes,,,
30April2025,30042025,227,227,,,,ALLPA10,,Papilloprotium,subserratum,A,aaron,Iquitos,AM-carretera,,,,FALSE,,yes,,,
30April2025,30042025,228,228,,,,AMA31,,Papilloprotium,subserratum,A,aaron,Iquitos,AM-carretera,,,,FALSE,,yes,,,
30April2025,30042025,229,229,,,,AMA27,,Papilloprotium,subserratum,A,aaron,Iquitos,AM-carretera,,,,FALSE,,,,,
30April2025,30042025,230,230,,,,AMA34,,Papilloprotium,subserratum,A,aaron,Iquitos,AM-carretera,,,,FALSE,,,,,
30April2025,30042025,231,231,,,,AMA8,,Papilloprotium,subserratum,A,aaron,Iquitos,AM-carretera,,,,FALSE,,,,,
30April2025,30042025,232,232,,,,LAG5,,Papilloprotium,subserratum,C,aaron,Iquitos,Lagunas,,,,FALSE,,yes,,,
30April2025,30042025,233,233,,,,LAG5,,Papilloprotium,subserratum,C,aaron,Iquitos,Lagunas,,,,FALSE,,yes,,,
30April2025,30042025,234,234,,,,LAG5,,Papilloprotium,subserratum,C,aaron,Iquitos,Lagunas,,,,FALSE,,yes,,,
30April2025,30042025,235,235,,,,SUB15,,Papilloprotium,subserratum,C,aaron,Iquitos,Lagunas,,,,TRUE,,yes,,yes,
30April2025,30042025,236,236,,,,SUB14,,Papilloprotium,subserratum,C,aaron,Iquitos,Lagunas,,,,TRUE,,yes,,yes,
30April2025,30042025,237,237,,,,SUB14,,Papilloprotium,subserratum,C,aaron,Iquitos,Lagunas,,,,FALSE,,yes,,,
30April2025,30042025,238,238,,,,SUB15,,Papilloprotium,subserratum,C,aaron,Iquitos,Lagunas,,,,FALSE,,yes,,,
30April2025,30042025,239,239,,,,SUBA,,Papilloprotium,subserratum,?,aaron,Morona,Tierra Blanca,,,,FALSE,,,,,
30April2025,30042025,240,240,,,,SUBB,,Papilloprotium,subserratum,?,aaron,Morona,Tierra Blanca,,,,FALSE,,,,,
30April2025,30042025,241,241,,,,AMA31,,Papilloprotium,,,aaron,,,,,,FALSE,,,,,
30April2025,30042025,242,242,,,,AMA20,,Papilloprotium,subserratum,A ,aaron,Iquitos,AM-carretera,,,,FALSE,,,,,
30April2025,30042025,243,243,,,,AMA28,,Papilloprotium,subserratum,A ,aaron,Iquitos,AM-carretera,,,,FALSE,,,,,
30April2025,30042025,244,244,,,,AMA4,,Papilloprotium,subserratum,A ,aaron,Iquitos,AM-carretera,,,,FALSE,,,,,
30April2025,30042025,245,245,,,,AMA4,,Papilloprotium,subserratum,A ,aaron,Iquitos,AM-carretera,,,,FALSE,,,,,
30April2025,30042025,246,246,,,,AMA10B,,Papilloprotium,subserratum,A ,aaron,Iquitos,AM-carretera,,,,FALSE,,,,,
30April2025,30042025,247,247,,,,AMA30,,Papilloprotium,subserratum,A ,aaron,Iquitos,AM-carretera,,,,FALSE,,,,,
30April2025,30042025,248,248,,,,AMA40,,Papilloprotium,subserratum,A ,aaron,Iquitos,AM-carretera,,,,FALSE,,,,,
30April2025,30042025,249,249,,,,AMA27,,Papilloprotium,subserratum,A ,aaron,Iquitos,AM-carretera,,,,FALSE,,,,,
30April2025,30042025,250,250,,,,AMA29,,Papilloprotium,subserratum,A ,aaron,Iquitos,AM-carretera,,,,FALSE,,,,,
30April2025,30042025,251,251,,,,AMA41,,Papilloprotium,subserratum,A ,aaron,Iquitos,AM-carretera,,,,FALSE,,,,,
30April2025,30042025,252,252,,,,AMA21,,Papilloprotium,subserratum,A ,aaron,Iquitos,AM-carretera,,,,FALSE,,,,,
30April2025,30042025,253,253,,,,AMA3,,Papilloprotium,subserratum,A ,aaron,Iquitos,AM-carretera,,,,FALSE,,,,,
30April2025,30042025,254,254,,,,AMA43,,Papilloprotium,subserratum,A ,aaron,Iquitos,AM-carretera,,,,FALSE,,,,,
30April2025,30042025,255,255,,,,AMA34,,Papilloprotium,subserratum,A ,aaron,Iquitos,AM-carretera,,,,FALSE,,,,,
30April2025,30042025,256,256,,,,AMA8,,Papilloprotium,subserratum,A ,aaron,Iquitos,AM-carretera,,,,FALSE,,,,,
30April2025,30042025,257,257,,,,AMA1,,Papilloprotium,subserratum,A ,aaron,Iquitos,AM-carretera,,,,FALSE,,,,,
30April2025,30042025,258,258,,,,AMA20,,Papilloprotium,subserratum,A,aaron,Iquitos,AM-carretera,,,,TRUE,,,,yes,
30April2025,30042025,259,259,,,,AMA6,,Papilloprotium,subserratum,A,aaron,Iquitos,AM-carretera,,,,FALSE,,,,,
30April2025,30042025,260,260,,,,AMA7,,Papilloprotium,subserratum,A,aaron,Iquitos,AM-carretera,,,,FALSE,,,,,
30April2025,30042025,261,261,,,,AMA9,,Papilloprotium,subserratum,A,aaron,Iquitos,AM-carretera,,,,FALSE,,,,,
30April2025,30042025,262,262,,,,AMA40,,Papilloprotium,subserratum,A,aaron,Iquitos,Allpahuayo-KM,,,,FALSE,,,,,
30April2025,30042025,263,263,,,,AMA30,,Papilloprotium,subserratum,A,aaron,Iquitos,Allpahuayo-KM,,,,FALSE,,,,,
30April2025,30042025,264,264,,,,AMA3,,Papilloprotium,subserratum,A,aaron,Iquitos,Allpahuayo-KM,,,,FALSE,,,,,
30April2025,30042025,265,265,,,,AMA7,,Papilloprotium,subserratum,A,aaron,Iquitos,Allpahuayo-KM,,,,FALSE,,,,,
30April2025,30042025,266,266,,,,AMA11,,Papilloprotium,subserratum,A,aaron,Iquitos,Allpahuayo-KM,,,,FALSE,,,,,
30April2025,30042025,267,267,,,,AMA4,,Papilloprotium,subserratum,A,aaron,Iquitos,Allpahuayo-KM,,,,FALSE,,yes,,,
30April2025,30042025,268,268,,,,AMA12,,Papilloprotium,subserratum,A,aaron,Iquitos,Allpahuayo-KM,,,,FALSE,,,,,
30April2025,30042025,269,269,,,,AMA41,,Papilloprotium,subserratum,A,aaron,Iquitos,Allpahuayo-KM,,,,FALSE,,,,,
30April2025,30042025,270,270,,,,SUB28,,Papilloprotium,subserratum,C,aaron,Rio Blanco,Lobo,,,,FALSE,,,,,
30April2025,30042025,271,271,,,,SUB32,,Papilloprotium,subserratum,C,aaron,Rio Blanco,Lobo,,,,FALSE,,,,,
30April2025,30042025,272,272,,,,SUB30A,,Papilloprotium,subserratum,C,aaron,Rio Blanco,Lobo,,,,FALSE,,,,,
30April2025,30042025,273,273,,,,SUB37,,Papilloprotium,subserratum,C,aaron,Rio Blanco,Lobo,,,,FALSE,,,,,
30April2025,30042025,274,274,,,,SUB41,,Papilloprotium,subserratum,C,aaron,Rio Blanco,Lobo,,,,FALSE,,,,,
30April2025,30042025,275,275,,,,SUB34,,Papilloprotium,subserratum,C,aaron,Rio Blanco,Lobo,,,,FALSE,,,,,
30April2025,30042025,276,276,,,,SUB35,,Papilloprotium,subserratum,C,aaron,Rio Blanco,Lobo,,,,FALSE,,,,,
30April2025,30042025,277,277,,,,SUB27A,,Papilloprotium,subserratum,C,aaron,Rio Blanco,Lobo,,,,FALSE,,,,,
30April2025,30042025,278,278,,,,SUB29,,Papilloprotium,subserratum,C,aaron,Rio Blanco,Lobo,,,,FALSE,,,,,
30April2025,30042025,279,279,,,,SUB33,,Papilloprotium,subserratum,C,aaron,Rio Blanco,Lobo,,,,FALSE,,yes,,,
30April2025,30042025,280,280,,,,SUB39,,Papilloprotium,subserratum,C,aaron,Rio Blanco,Lobo,,,,FALSE,,yes,,,
30April2025,30042025,281,281,,,,SUB36,,Papilloprotium,subserratum,C,aaron,Rio Blanco,Lobo,,,,FALSE,,yes,,,
30April2025,30042025,282,282,,,,SUB42,,Papilloprotium,subserratum,C,aaron,Rio Blanco,Lobo,,,,FALSE,,yes,,,
30April2025,30042025,283,283,,,,SUB36,,Papilloprotium,subserratum,C,aaron,Rio Blanco,Lobo,,,,FALSE,,yes,,,
30April2025,30042025,284,284,,,,SUB40,,Papilloprotium,subserratum,C,aaron,Rio Blanco,Lobo,,,,FALSE,,yes,,,
30April2025,30042025,285,285,,,,SUB43,,Papilloprotium,subserratum,C,aaron,Rio Blanco,Lobo,,,,TRUE,,yes,,yes,
30April2025,30042025,286,286,,,,SUB38,,Papilloprotium,subserratum,C,aaron,Rio Blanco,Lobo,,,,TRUE,,yes,,yes,
30April2025,30042025,287,287,,,,SUB26,,Papilloprotium,subserratum,C,aaron,Rio Blanco,Lobo,,,,FALSE,,,,,
30April2025,30042025,288,288,,,,SUB35,,Papilloprotium,subserratum,C,aaron,Rio Blanco,Lobo,,,,FALSE,,yes,,,
30April2025,30042025,289,289,,,,SUB38,,Papilloprotium,subserratum,C,aaron,Rio Blanco,Lobo,,,,TRUE,,yes,,yes,
30April2025,30042025,290,290,,,,SUB40,,Papilloprotium,subserratum,C,aaron,Rio Blanco,Lobo,,,,FALSE,,yes,,,
30April2025,30042025,291,291,,,,SUB33,,Papilloprotium,subserratum,C,aaron,Rio Blanco,Lobo,,,,FALSE,,yes,,,
7May2025,7052025,433,433,,,345710,Spruce 2620,Type: same indiv as Protium434,Papilloprotium,subserratum,,aaron,Colombia,Rio Vaupes,,,,FALSE,,,,,
7May2025,7052025,434,434,,,345711,Spruce 2620,Type: same indiv as Protium434,Papilloprotium,subserratum,,aaron,Colombia,Rio Vaupes,,,,FALSE,,,,,
7May2025,7052025,427,427,,,710227,Fine 75,,Papilloprotium,subserratum,F,aaron,Iquitos,AM-carretera,,,,FALSE,,,,,
7May2025,7052025,425,425,,,710228,Fine 534,,Papilloprotium,subserratum,,aaron,Peru ,Jeberos,,,,FALSE,,,,,
7May2025,7052025,426,426,,,710229,Fine 288,,Papilloprotium,subserratum,A,aaron,Iquitos,AM-carretera,,,,TRUE,,,yes,,
7May2025,7052025,435,435,,,865157,Ferreira 10968,,Papilloprotium,ferrugineum,,aaron,,,,,,TRUE,,,yes,,
7May2025,7052025,310,310,,,905011,Gentry 63089,,Papilloprotium,subserratum,H,aaron,French Guiana: Saul,,,,,FALSE,,,,,
7May2025,7052025,331,331,,,905012,Boom 1647,,Papilloprotium,subserratum,H,aaron,French Guiana: Saul,,,,,FALSE,,,,,
7May2025,7052025,353,353,,,905013,Pipoly 11076,,Papilloprotium,subserratum,G,aaron,Guyana: Cuyuni-Mazaruni,,,,,TRUE,,,yes,,
7May2025,7052025,354,354,,,905014,Mori 8133,,Papilloprotium,subserratum,G,aaron,Guyana: Mazaruni-Potari,,,,,TRUE,,,yes,,
7May2025,7052025,301,301,,,905015,Clarke 1161,,Papilloprotium,subserratum,G,aaron,Guyana: Potaro-Siparuni,,,,,TRUE,,,yes,,
7May2025,7052025,422,422,,,905016,Forest Dept 5577,,Papilloprotium,subserratum,G,aaron,Guyana: Potaro road,,,,,FALSE,,,,,
7May2025,7052025,355,355,,,1188627,Miller 290,,Papilloprotium,subserratum,,aaron,Brazil: Amazonas,Novo Airao,,,,FALSE,,,,,
7May2025,7052025,348,348,,,1188628,Prance 2140,,Papilloprotium,subserratum,,aaron,Brazil: Amazonas,Reserva Ducke,,,,FALSE,,,,,
7May2025,7052025,372,372,,,1188630,Daly 4133,same indiv as Protium430,Papilloprotium,subserratum,B,aaron,Brazil,Jutai,,,,TRUE,,,yes,,
7May2025,7052025,351,351,,,1188631,Krukoff 5083,,Papilloprotium,subserratum,,aaron,Brazil,Jurua,,,,FALSE,,,,,
7May2025,7052025,329,329,,,1188632,Krukoff 7063,,Papilloprotium,subserratum,,aaron,Brazil,Humayta,,,,FALSE,,,,,
7May2025,7052025,319,319,,,1188633,Schultes 26122A,,Papilloprotium,subserratum,,aaron,Brazil: Amazonas,Reserva Ducke,,,,FALSE,,,,,
7May2025,7052025,362,362,,,1188634,Daly 4106,1 scan of 363,Papilloprotium,subserratum,,aaron,Brazil: Amazonas,BDFF project,,,,FALSE,,,,,
7May2025,7052025,309,309,,,1188635,Lohmann 69,,Papilloprotium,subserratum,,aaron,Brazil: Amazonas,Reserva Ducke,,,,FALSE,,,,,
7May2025,7052025,322,322,,,1188636,Prance 11354,same indiv as Protium323,Papilloprotium,subserratum,,aaron,Brazil: Amazonas,Manaus-Caracari km 45,,,,FALSE,,,,,
7May2025,7052025,423,423,,,1188637,Ribeiro 816,,Papilloprotium,subserratum,,aaron,Brazil: Amazonas,Reserva Ducke,,,,FALSE,,,,,
7May2025,7052025,332,332,,,1188638,Lohmann 5,,Papilloprotium,subserratum,B,aaron,Brazil,Manaus -Reserva Ducke,,,,TRUE,,,yes,,
7May2025,7052025,430,430,,,1188639,Daly 4133,same indiv as Protium372,Papilloprotium,subserratum,B,aaron,Brazil,Jutai,,,,TRUE,,,yes,,
7May2025,7052025,298,298,,,1188640,Byron 67-24,,Papilloprotium,subserratum,,aaron,Brazil: Amazonas,Reserva Ducke,,,,FALSE,,,,,
7May2025,7052025,358,358,,,1188641,Prance 3799,same indiv as Protium345,Papilloprotium,subserratum,,aaron,Brazil,Amazonas: Manaus-Itacoatiara km 206,,,,FALSE,,,,,
7May2025,7052025,345,345,,,1188642,Prance 3799,same indiv as Protium358,Papilloprotium,subserratum,,aaron,Brazil,Amazonas: Manaus-Itacoatiara km 206,,,,FALSE,,,,,
7May2025,7052025,305,305,,,1188643,Daly 3764,,Papilloprotium,subserratum,H,aaron,Brazil,Para: Belem,,,,FALSE,,,,,
7May2025,7052025,367,367,,,1188644,Williams 18200,,Papilloprotium,subserratum,H,aaron,Brazil,Para: Trombetas,,,,FALSE,,,,,
7May2025,7052025,414,414,,,1188645,de Oliveira 3688,Only 3 areas accessible,Papilloprotium,subserratum,H,aaron,Brazil,Para: Rio Jari,,,,FALSE,,,,,
7May2025,7052025,412,412,,,1188646,de Oliveira 3511,,Papilloprotium,subserratum,H,aaron,Brazil,Para: Rio Jari,,,,FALSE,,,,,
7May2025,7052025,324,324,,,1188647,Prance 25619,,Papilloprotium,subserratum,B,aaron,Brazil,Para: Cuiaba-Santarem highway,,,,TRUE,,,yes,,
7May2025,7052025,377,377,,,1188648,Cid 2087,,Papilloprotium,subserratum,,aaron,Brazil,Para,,,,FALSE,,,,,
7May2025,7052025,384,384,,,1188649,de Oliveira 3990,same indiv as Protium 337,Papilloprotium,subserratum,H,aaron,Brazil,Para: Rio Jari,,,,FALSE,,,,,
7May2025,7052025,337,337,,,1188650,de Oliveira 3990,same indiv as Protium384,Papilloprotium,subserratum,H,aaron,Brazil,Para: Rio Jari,,,,FALSE,,,,,
7May2025,7052025,382,382,,,1188651,Balee 1391,,Papilloprotium,subserratum,,aaron,Brazil,Para: Viseu,,,,FALSE,,,,,
7May2025,7052025,308,308,,,1188652,Mori 17489,,Papilloprotium,subserratum,H,aaron,Brazil,Amapa,,,,TRUE,,,yes,,
7May2025,7052025,308,308,,,1188653,Daly 3921,,Papilloprotium,subserratum,H,aaron,Brazil,Amapa,,,,FALSE,,,,,
7May2025,7052025,431,431,,,1188654,Daly 3970,,Papilloprotium,subserratum,H,aaron,Brazil,Amapa,,,,FALSE,,,,,
7May2025,7052025,400,400,,,1188655,Mori 17499,,Papilloprotium,subserratum,H,aaron,Brazil,Amapa,,,,FALSE,,,,,
7May2025,7052025,295,295,,,1188656,Teixeira 844,same indiv as Protium296,Papilloprotium,subserratum,,aaron,Brazil,Rondonia,,,,FALSE,,,,,
7May2025,7052025,296,296,,,1188657,Teixeira 844,same indiv as Protium295,Papilloprotium,subserratum,,aaron,Brazil,Rondonia,,,,FALSE,,,,,
7May2025,7052025,418,418,,,1188658,Thomas 5038,,Papilloprotium,subserratum,,aaron,Brazil,Rondonia,,,,FALSE,,,,,
7May2025,7052025,294,294,,,1188659,Teixera 509,,Papilloprotium,subserratum,,aaron,Brazil,Rondonia,,,,FALSE,,,,,
7May2025,7052025,406,406,,,1188660,Ferreira 9972,,Papilloprotium,subserratum,,aaron,Brazil: Javari-Atalai do Norte,,,,,FALSE,,,,,
7May2025,7052025,404,404,,,1188661,Daly 4374,,Papilloprotium,subserratum,,aaron,Brazil: Amazonas,"Tonantins, Uitinga Para",,,,FALSE,,,,,
7May2025,7052025,302,302,,,1188662,Coelho 154074,,Papilloprotium,subserratum,,aaron,Brazil: Amazonas,Reserva Ducke,,,,FALSE,,,,,
7May2025,7052025,350,350,,,1188663,Hopkins 1600,,Papilloprotium,subserratum,,aaron,Brazil: Amazonas,Reserva Ducke,,,,FALSE,,,,,
7May2025,7052025,405,405,,,1188664,Ferreira 5384,,Papilloprotium,subserratum,,aaron,Brazil: Amazonas,85km n de Humaita,,,,FALSE,,,,,
7May2025,7052025,398,398,,,1241753,Daly 4105,,Papilloprotium,subserratum,,aaron,Brazil: Manaus-TF,,,,,FALSE,,,,,
7May2025,7052025,379,379,,,1241754,Daly 5575,,Papilloprotium,subserratum,,aaron,Brazil:Rio Negro,Sao Gabriel de Cachoeira,,,,FALSE,,,,,
7May2025,7052025,402,402,,,1241755,Daly 5576,,Papilloprotium,subserratum,,aaron,Brazil: Rio Negro,Sao Gabriel de Cachoeira,,,,FALSE,,,,,
7May2025,7052025,323,323,,,1241756,Prance 11354,same indiv as Protium322,Papilloprotium,subserratum,,aaron,Brazil:Amazonas,Manaus-Caracarai km 45,,,,FALSE,,,,,
7May2025,7052025,318,318,,,1241757,Schultes 13490,,Papilloprotium,subserratum,,aaron,Colombia: Apaporis,,,,,FALSE,,,,,
7May2025,7052025,297,297,,,1241758,Urrego 1522,large white space exposure,Papilloprotium,subserratum,,aaron,Colombia: Caqueta,,,,,FALSE,,,,,
7May2025,7052025,369,369,,,1241759,Vasquez 2522,,Papilloprotium,subserratum,,aaron,Yurimaguas,carretera a Tarapoto,,,,FALSE,,,,,
7May2025,7052025,394,394,,,1241760,Vasquez 7594,,Papilloprotium,subserratum,A,aaron,Iquitos,Puerto Almendras,,,,TRUE,,,yes,,
7May2025,7052025,299,299,,,1241761,,large white space exposure,Papilloprotium,subserratum,E,aaron,Brazil,Acre,,,,TRUE,,,yes,,
7May2025,7052025,417,417,,,1241762,Thomas 4991,,Papilloprotium,subserratum,B,aaron,Brazil,Rondonia,,,,TRUE,,,yes,,
7May2025,7052025,399,399,,,1241763,Nee 34806,,Papilloprotium,subserratum,,aaron,Brazil,Rondonia,,,,FALSE,,,,,
7May2025,7052025,339,339,,,1241764,Palacios 4405,,Papilloprotium,subserratum,E,aaron,Ecuador,Jatun Sacha,,,,FALSE,,,,,
7May2025,7052025,357,357,,,1241765,Gudino 924,,Papilloprotium,subserratum,sp nov?,aaron,Ecuador,Moretecocha de ARCO: 580m,,,,FALSE,,,,,
7May2025,7052025,385,385,,,1241766,Villa 1582,,Papilloprotium,subserratum,E,aaron,Ecuador,Yasuni,,,,TRUE,,,yes,,
7May2025,7052025,411,411,,,1241767,Boom 5181,same indiv as Protium410,Papilloprotium,subserratum,F,aaron,Venezuela,"Neblina base camp, Rio Mawarinuma",,,,FALSE,,,,,
7May2025,7052025,410,410,,,1241768,Boom 5181,same indiv as Protium411,Papilloprotium,subserratum,F,aaron,Venezuela,"Neblina base camp, Rio Mawarinuma",,,,FALSE,,,,,
7May2025,7052025,365,365,,,1241769,Vasquez 10954,2 scans of 366,Papilloprotium,subserratum,F,aaron,Iquitos,Puerto Almendras,,,,FALSE,,,,,
7May2025,7052025,391,391,,,1241770,Clark 8103,,Papilloprotium,subserratum,F,aaron,Venezuela,San Carlos de Rio Negro,,,,FALSE,,,,,
7May2025,7052025,360,360,,,1241771,Zuleta 11,,Papilloprotium,subserratum,E,aaron,Ecuador,Jatun Sacha,,,,TRUE,,,yes,,
7May2025,7052025,312,312,,,1241772,Silva 3886,,Papilloprotium,subserratum,,aaron,Brazil: Amazonas,Rio Xie,,,,FALSE,,,,,
7May2025,7052025,364,364,,,1241773,Kawasaki 129,,Papilloprotium,subserratum,,aaron,Brazil,"Rio Negro: Tuari, campinarana",,,,FALSE,,,,,
7May2025,7052025,390,390,,,1241774,Pires 10549,01241774 (not sure why 0 isnt visible),Papilloprotium,subserratum,H,aaron,Brazil,Para: Belem,,,,FALSE,,,,,
7May2025,7052025,373,373,,,1241776,Pires 10688,,Papilloprotium,subserratum,H,aaron,Brazil,Para: Belem,,,,FALSE,,,,,
7May2025,7052025,304,304,,,1241780,Daly 3762,,Papilloprotium,subserratum,H,aaron,Brazil,Para: Belem,,,,TRUE,,,yes,,
7May2025,7052025,408,408,,,1241781,Clark 6672,,Papilloprotium,subserratum,F,aaron,Venezuela,San Carlos de Rio Negro,,,,TRUE,,,yes,,
7May2025,7052025,361,361,,,1241782,Clark 7190,,Papilloprotium,subserratum,F,aaron,Venezuela,San Carlos de Rio Negro,,,,FALSE,,,,,
7May2025,7052025,311,311,,,1241783,Grandez 740,,Papilloprotium,subserratum,F,aaron,Ucayali,Pacaya-Samiria Varillal,,,,FALSE,,,,,
7May2025,7052025,401,401,,,1241784,Vasquez 8849,,Papilloprotium,subserratum,F,aaron,Iquitos,AM-carretera,,,,FALSE,,,,,
7May2025,7052025,396,396,,,1241785,Velazco 873,,Papilloprotium,subserratum,F,aaron,Venezuela,El Almidon,,,,FALSE,,,,,
7May2025,7052025,450,450,,,1241834,Oliveira 4027,,Papilloprotium,subserratum,H,aaron,Braziil,Para: Jari,,,,FALSE,,,,,
7May2025,7052025,438,438,,,1275018,Monsalve 1302,,Papilloprotium,ferrugineum,ferrugineum,aaron,Colombia,Choco> Valle del Cauca,,,,FALSE,,,,,
7May2025,7052025,439,439,,,1275019,Gentry 56707,,Papilloprotium,ferrugineum,ferrugineum,aaron,Colombia,Choco: Valle,,,,TRUE,,,yes,,
7May2025,7052025,448,448,,,1275022,Daly 5978,,Papilloprotium,ferrugineum,ferrugineum,aaron,Colombia,Choco: Valle,,,,FALSE,,,,,
7May2025,7052025,444,444,,,1275030,Aymard 12646,,Papilloprotium,ferrugineum,ferrugineum,aaron,Venezuela,Rio Negro,,,,TRUE,,,yes,,
7May2025,7052025,445,445,,,1275047,Teixeira 140,,Papilloprotium,ferrugineum,ferrugineum,aaron,Brazil,Amazonas: Humaita,,,,FALSE,,,,,
7May2025,7052025,449,449,,,1413893,Daly 13836,,Papilloprotium,ferrugineum,ferrugineum,aaron,Colombia,Choco: Valle del Cauca,,,,TRUE,,,yes,,
7May2025,7052025,441,441,,,1413894,Daly 13838,,Papilloprotium,ferrugineum,ferrugineum,aaron,Colombia,Choco: Valle del Cauca,,,,FALSE,,,,,
7May2025,7052025,443,443,,,1413897,Daly 13814,,Papilloprotium,sp. nov,sp. nov,aaron,Colombia,Choco: Valle del Cauca,,,,FALSE,,,,,
7May2025,7052025,440,440,,,1413899,Daly 13839,,Papilloprotium,ferrugineum,ferrugineum,aaron,Colombia,Choco: Valle del Cauca ,,,,TRUE,,,yes,,
7May2025,7052025,436,436,,,2218916,Davila 5378,,Papilloprotium,reticulatum,reticulatum,aaron,Brazil,Amazonas: Sao Gabriel da Cachoeira,,,,FALSE,,,,,
7May2025,7052025,356,356,,,2219383,Melo 620A,,Papilloprotium,subserratum,B,aaron,Brazil,Rondonia,,,,TRUE,,,yes,,
7May2025,7052025,347,347,,,2219384,Prance 1928,,Papilloprotium,subserratum,,aaron,Brazil,Para: Piritoro,,,,FALSE,,,,,
7May2025,7052025,335,335,,,2219385,Oliveira 4104,,Papilloprotium,subserratum,,aaron,Brazil,Jari,,,,FALSE,,,,,
7May2025,7052025,325,325,,,2219386,Prance 30465,,Papilloprotium,subserratum,H,aaron,Brazil,Para: Rio Cururu,,,,FALSE,,,,,
7May2025,7052025,292,292,,,2219387,Freitas 997,,Papilloprotium,subserratum,H,aaron,Brazil,Para: Melgaco,,,,FALSE,,,,,
7May2025,7052025,303,303,,,2219388,Daly 3759,,Papilloprotium,subserratum,H,aaron,Brazil,Para: Belem,,,,TRUE,,,yes,,
7May2025,7052025,293,293,,,2219389,Sobel 4920,,Papilloprotium,subserratum,H,aaron,Brazil,Para: Isla do Marajo,,,,FALSE,,,,,
7May2025,7052025,383,383,,,2394329,Gentry 22354,,Papilloprotium,subserratum,A,aaron,Iquitos,Mishana,,,,FALSE,,,,,
7May2025,7052025,388,388,,,2394330,Vasquez 2977,,Papilloprotium,subserratum,A,aaron,Iquitos,Mishana,,,,FALSE,,,,,
7May2025,7052025,392,392,,,2394331,Vasquez 7119,,Papilloprotium,subserratum,A,aaron,Iquitos,carretera km 48,,,,FALSE,,,,,
7May2025,7052025,397,397,,,2394332,Grandez 2187,,Papilloprotium,subserratum,A,aaron,Iquitos,Puerto Almendras,,,,FALSE,,,,,
7May2025,7052025,330,330,,,2394333,Grandez 1515,,Papilloprotium,subserratum,A,aaron,Iquitos,Puerto Almendras,,,,TRUE,,,yes,,
7May2025,7052025,359,359,,,2394334,Vasquez 13640,,Papilloprotium,subserratum,A,aaron,Iquitos,Puerto Almendras,,,,TRUE,,,yes,,
7May2025,7052025,371,371,,,2394335,Vasquez 6118,same indiv as Protium374,Papilloprotium,subserratum,A,aaron,Iquitos,Puerto Almendras,,,,FALSE,,,,,
7May2025,7052025,395,395,,,2394336,,1 extra scan of 395,Papilloprotium,,,aaron,,,,,,FALSE,,,,,
7May2025,7052025,368,368,,,2394337,Vasquez 2613,,Papilloprotium,subserratum,A,aaron,Iquitos,Puerto Almendras,,,,TRUE,,,yes,,
7May2025,7052025,376,376,,,2394338,Vasquez 4228,,Papilloprotium,subserratum,A,aaron,Iquitos,Puerto Almendras,,,,FALSE,,,,,
7May2025,7052025,366,366,,,2394339,Pipoly 12597,,Papilloprotium,subserratum,A,aaron,Iquitos,Mishana,,,,TRUE,,,yes,,
7May2025,7052025,375,375,,,2394340,Vasquez 3495,,Papilloprotium,subserratum,A,aaron,Iquitos,Puerto Almendras,,,,TRUE,,,yes,,
7May2025,7052025,416,416,,,2394341,Tessmann 4129,,Papilloprotium,subserratum,A or C,aaron,Peru: Rio Santiago,,,,,FALSE,,,,,
7May2025,7052025,328,328,,,2394342,Encarnacion 26380,,Papilloprotium,subserratum,A or C,aaron,Jenaro Herrera,Terra Firme,,,,FALSE,,,,,
7May2025,7052025,352,352,,,2394343,Pipoly 14304,,Papilloprotium,subserratum,C,aaron,Peru: Loreto,Explornapo,,,,TRUE,,,yes,,
7May2025,7052025,327,327,,,2394344,van der Werff 10284,,Papilloprotium,subserratum,A,aaron,Iquitos,AM-carretera,,,,FALSE,,,,,
7May2025,7052025,421,421,,,2394345,Gentry 21902,Same indiv as Protium420,Papilloprotium,subserratum,A or C or E,aaron,Peru: Rio Gueppi,,,,,FALSE,,,,,
7May2025,7052025,389,389,,,2394346,,,Papilloprotium,,,aaron,,,,,,FALSE,,,,,
7May2025,7052025,381,381,,,2394347,Aronson 1037,,Papilloprotium,subserratum,A,aaron,Iquitos,Mishana,,,,TRUE,,,yes,,
7May2025,7052025,374,374,,,2394348,Vasquez 6118,same indiv as Protium371,Papilloprotium,subserratum,A,aaron,Iquitos,Puerto Almendras,,,,FALSE,,,,,
7May2025,7052025,393,393,,,2394349,,,Papilloprotium,,,aaron,,,,,,FALSE,,,,,
7May2025,7052025,447,447,,,2408651,Acevedo-Rodriguez 10335,,Papilloprotium,reticulatum,reticulatum,aaron,Venezuela,Guainia,,,,FALSE,,,,,
7May2025,7052025,437,437,,,2408657,Velazco 2005,1 extra 437,Papilloprotium,reticulatum,reticulatum,aaron,Venezuela,Rio Negro,,,,FALSE,,,,,
7May2025,7052025,446,446,,,2408658,Berry 5705,,Papilloprotium,reticulatum,reticulatum,aaron,Venezuela,Rio Negro,,,,FALSE,,,,,
7May2025,7052025,341,341,,,2408676,Palacios 8987,,Papilloprotium,subserratum,C?,aaron,Ecuador: Sucumbios: Cuyabeno 230m,,,,,FALSE,,,,,
7May2025,7052025,409,409,,,2408677,Bensman 99,,Papilloprotium,subserratum,E,aaron,Ecuador: Jatun Sacha,,,,,TRUE,,,yes,,
7May2025,7052025,378,378,,,2408678,Cazalet 7672,,Papilloprotium,subserratum,E,aaron,Ecuador: Santiago-Zamora Taisha 500m,,,,,TRUE,,,yes,,
7May2025,7052025,315,315,,,2408679,Rubio 187,,Papilloprotium,subserratum,,aaron,Ecuador: Pastaza; Pozo petrolero golondrina,,,,,FALSE,,,,,
7May2025,7052025,316,316,,,2408680,Rubio 288,"5 scans,large white space exposure",Papilloprotium,subserratum,E,aaron,"Ecuador: Napo: 20km n of Coca, 250m",,,,,TRUE,,,yes,,
7May2025,7052025,380,380,,,2408681,Ceron 9298,,Papilloprotium,subserratum,E,aaron,Ecuador: Sucumbios: 30km from Lago Agrio 1050m,,,,,TRUE,,,yes,,
7May2025,7052025,403,403,,,2408682,Espinoza 21,,Papilloprotium,subserratum,E,aaron,"Ecuador: 20 km n of Coca, 250m",,,,,TRUE,,,yes,,
7May2025,7052025,344,344,,,2408683,Gudino 78,,Papilloprotium,subserratum,E,aaron,"Ecuador: Napo: 20km n of Coca, 250m",,,,,TRUE,,,yes,,
7May2025,7052025,349,349,,,2408684,Jaramillo 2173,6 scans of 350,Papilloprotium,subserratum,E,aaron,Ecuador: Napo: Coca 300m,,,,,TRUE,,,yes,,
7May2025,7052025,346,346,,,2408685,Quizhpe 511,,Papilloprotium,subserratum,,aaron,Ecuador: Zamora-Chincipe Cordillera del Condor 1100m,,,,,FALSE,,,,,
7May2025,7052025,340,340,,,2408686,Palacios 7572,,Papilloprotium,subserratum,C,aaron,Ecuador: Napo: Cuyabeno,,,,,TRUE,,,yes,,
7May2025,7052025,334,334,,,2408687,Palacios 999,,Papilloprotium,subserratum,E,aaron,Ecuador: Coca,,,,,FALSE,,,,,
7May2025,7052025,336,336,,,2408688,Jaramillo 8486,,Papilloprotium,subserratum,C,aaron,Ecuador: Napo: La Hormiga,,,,,TRUE,,,yes,,
7May2025,7052025,338,338,,,2408689,Neill 7990,,Papilloprotium,subserratum,E,aaron,Ecuador: Jatun Sacha,,,,,FALSE,,,,,
7May2025,7052025,306,306,,,2408690,Brandbyge 33896,,Papilloprotium,subserratum,C,aaron,Ecuador: Napo: Cuyabeno,,,,,FALSE,,,,,
7May2025,7052025,333,333,,,2408691,Palacios 1254,,Papilloprotium,subserratum,E,aaron,Ecuador: Coca,,,,,FALSE,,,,,
7May2025,7052025,407,407,,,2408692,Brandbyge 33764,1 extra scan of 407,Papilloprotium,subserratum,C,aaron,Ecuador: Cuyabeno,,,,,TRUE,,,yes,,
7May2025,7052025,413,413,,,2408693,Palacios 3153,,Papilloprotium,subserratum,E,aaron,Ecuador: Coca,,,,,FALSE,,,,,
7May2025,7052025,342,342,,,2408694,Palacios 10766,"4 scans of 343 (6,7,8,9,10)",Papilloprotium,subserratum,E,aaron,Ecuador: Napo: Coca 250m,,,,,TRUE,,,yes,,
7May2025,7052025,320,320,,,2408695,Schunke Vigo 8695,,Papilloprotium,subserratum,E,aaron,Peru: San Martin,,,,,TRUE,,,yes,,
7May2025,7052025,420,420,,,2408696,Gentry 21902,Same indiv as Protium421,Papilloprotium,subserratum,A or C or E,aaron,Peru: Rio Gueppi,,,,,FALSE,,,,,
7May2025,7052025,415,415,,,2408697,Tessmann 4107,,Papilloprotium,subserratum,A/C?,aaron,Peru: Rio Santiago,,,,,FALSE,,,,,
7May2025,7052025,370,370,,,2408698,Vasquez 2495,,Papilloprotium,subserratum,A/C/E?,aaron,Peru: Rio Huallaga,,,,,FALSE,,,,,
7May2025,7052025,300,300,,,2408699,Clarke 11414,,Papilloprotium,subserratum,G,aaron,Guyana: Cuyuni-Mazaruni,,,,,TRUE,,,yes,,
7May2025,7052025,314,314,,,2408700,Redden 4675,,Papilloprotium,subserratum,G,aaron,Guayana: Peami Falls,,,,,FALSE,,,,,
7May2025,7052025,343,343,,,2449501,Pipoly 10170,,Papilloprotium,subserratum,G,aaron,Guayana: Potaro-Siparuni,,,,,FALSE,,,,,
7May2025,7052025,313,313,,,2449502,Redden 1587,,Papilloprotium,subserratum,G,aaron,Guyana: Pakaraima mts,,,,,TRUE,,,yes,,
7May2025,7052025,326,326,,,3377001,Prevost 4569,,Papilloprotium,subserratum,H,aaron,French Guiana: St. Elie (ECEREX),,,,,FALSE,,,,,
7May2025,7052025,317,317,,,3377002,,,Papilloprotium,,,aaron,,,,,,FALSE,,,,,
7May2025,7052025,428,428,,,3377003,de Granville 1035,,Papilloprotium,subserratum,H,aaron,French Guiana,Arataye: Saut Parare,,,,FALSE,,,,,
7May2025,7052025,442,442,,,3754431,Daly 13820,,Papilloprotium,sp. nov,sp. nov,aaron,Colombia: Valle del Cauca,,,,,FALSE,,,,,
7May2025,7052025,386,386,,,3754432,Daly 14071,,Papilloprotium,subserratum,,aaron,Colombia: Caqueta: La Resaca,,,,,FALSE,,,,,
7May2025,7052025,387,387,,,3754433,Restrepo 365,,Papilloprotium,subserratum,morphotype 4,aaron,Colombia: Araracuara,,,,,FALSE,,,,,
7May2025,7052025,424,424,,,3754434,Restrepo 422,,Papilloprotium,subserratum,morphotype 4,aaron,Colombia: Araracuara,,,,,FALSE,,,,,
7May2025,7052025,432,432,,,3754435,Sanchez 1398,,Papilloprotium,subserratum,morphotype 4,aaron,Colombia: Araracuara,,,,,FALSE,,,,,
7May2025,7052025,321,321,,,3754436,Londono 908,,Papilloprotium,subserratum,morphotype 4,aaron,Colombia: Araracuara,,,,,FALSE,,,,,
7May2025,7052025,429,429,,,3754437,Londono 1407,,Papilloprotium,subserratum,morphotype 4,aaron,Colombia: Araracuara,,,,,FALSE,,,,,
7May2025,7052025,419,419,,,3754438,Sanchez 1660,,Papilloprotium,subserratum,morphotype 4,aaron,Colombia: Araracuara,,,,,FALSE,,,,,
7May2025,7052025,363,363,,,1188629,Daly 4252,,Papilloprotium,subserratum,,aaron,Brazil: Amazonas: Igarape Uara,,,,,FALSE,,,,,
19Nov2025,19112025,451,196,1,t?,,52,,Papilloprotium,subserratum,F,laurel,"Alpahuayo, Peru",,,,,,3,,,,
19Nov2025,19112025,452,191,2,12,,Alpha-44,,Papilloprotium,subserratum,F,laurel,"Alpahuayo, Peru",,,,,,3,,,,
19Nov2025,19112025,453,192,3,11,,AMA-45,,Papilloprotium,subserratum,F,laurel,"Alpahuayo, Peru",,,,,,3,,,,
19Nov2025,19112025,454,193,4,10,,AMA-50,,Papilloprotium,subserratum,F,laurel,"Alpahuayo, Peru",,,,,,3,,,,
19Nov2025,19112025,455,194,5,9,,Sub51-A11PA-Flor,,Papilloprotium,subserratum,F,laurel,"Alpahuayo, Peru",,,,,,3,,,,
19Nov2025,19112025,456,195,6,8,,AMA-53,,Papilloprotium,subserratum,F,laurel,"Alpahuayo, Peru",,,,,,3,,,,
19Nov2025,19112025,457,149,7,,,Manaus-C3,,Papilloprotium,subserratum,F,laurel,"Manaus, Brazil",,,,,,3,,,,
19Nov2025,19112025,458,157,8,,,Manaus-C11,,Papilloprotium,subserratum,B ,laurel,"Manaus, Brazil",,,,,,3,,,,
19Nov2025,19112025,459,152,9,,,Manaus-C4,,Papilloprotium,subserratum,F,laurel,"Manaus, Brazil",,,,,,3,,,,
19Nov2025,19112025,460,153,10,,,Manaus-C9,,Papilloprotium,subserratum,F,laurel,"Manaus, Brazil",,,,,,3,,,,
19Nov2025,19112025,461,151,11,,,Manaus-B2,,Papilloprotium,subserratum,F,laurel,"Manaus, Brazil",,,,,,3,,,,
19Nov2025,19112025,462,154,12,,,Manaus-B1,,Papilloprotium,subserratum,B ,laurel,"Manaus, Brazil",,,,,,3,,,,
19Nov2025,19112025,463,156,13,,,Manaus-C8,,Papilloprotium,subserratum,F,laurel,"Manaus, Brazil",,,,,,3,,,,
19Nov2025,19112025,464,150,14,,,Manaus-C1,,Papilloprotium,subserratum,F,laurel,"Manaus, Brazil",,,,,,3,,,,
19Nov2025,19112025,465,158,15,,,Manaus-C2,,Papilloprotium,subserratum,F,laurel,"Manaus, Brazil",,,,,,3,,,,
19Nov2025,19112025,466,147,16,,,Manaus-C6,,Papilloprotium,subserratum,F,laurel,"Manaus, Brazil",,,,,,3,,,,
19Nov2025,19112025,467,146,17,,,Manaus-C7,,Papilloprotium,subserratum,F,laurel,"Manaus, Brazil",,,,,,3,,,,
19Nov2025,19112025,468,148,18,,,Manaus-C5,,Papilloprotium,subserratum,F,laurel,"Manaus, Brazil",,,,,,3,,,,
19Nov2025,19112025,469,155,19,,,Manaus-C10,,Papilloprotium,subserratum,F,laurel,"Manaus, Brazil",,,,,,3,,,,
19Nov2025,19112025,470,164,20,2,,AMA-29,,Papilloprotium,subserratum,A,laurel,"Alpahuayo, Peru",,,,,,3,,,,
19Nov2025,19112025,471,165,21,1,,ALLPA1 or ALLPA7?,,Papilloprotium,subserratum,A,laurel,"Alpahuayo, Peru",,,,,,3,,,,
19Nov2025,19112025,472,163,22,3,,AMA-21,,Papilloprotium,subserratum,A,laurel,"Alpahuayo, Peru",,,,,,3,,,,
19Nov2025,19112025,473,162,23,4,,AMA-42,,Papilloprotium,subserratum,A,laurel,"Alpahuayo, Peru",,,,,,3,,,,
19Nov2025,19112025,474,161,24,5,,AMA-5,,Papilloprotium,subserratum,A,laurel,"Alpahuayo, Peru",,,,,,3,,,,
19Nov2025,19112025,475,160,25,6,,AMA-42 (same as 23?),,Papilloprotium,subserratum,A,laurel,"Alpahuayo, Peru",,,,,,3,,,,
19Nov2025,19112025,476,159,26,A?,,Impala - pf 138,,Icica,paniculatum,,laurel,"Alpahuayo, Peru",,,,,,3,,,,
19Nov2025,19112025,477,134,27,,,AMA-14,,Papilloprotium,subserratum,F,laurel,"Alpahuayo, Peru",,,,,,3,,,,
19Nov2025,19112025,478,203,28,,,AMA-14,,Papilloprotium,subserratum,F,laurel,"Alpahuayo, Peru",,,,,,3,,,,
19Nov2025,19112025,479,135,29,,,AMA-13,,Papilloprotium,subserratum,F,laurel,"Alpahuayo, Peru",,,,,,3,,,,
19Nov2025,19112025,480,no number,30,,,AMA-46,,Papilloprotium,subserratum,F,laurel,"Alpahuayo, Peru",,,,,,2,,,,
19Nov2025,19112025,481,137,31,,,AMA-11,,Papilloprotium,subserratum,F,laurel,"Alpahuayo, Peru",,,,,,3,,,,
19Nov2025,19112025,482,136,32,,,AMA-12,,Papilloprotium,subserratum,F,laurel,"Alpahuayo, Peru",,,,,,3,,,,
19Nov2025,19112025,483,138,33,,,AMA-45,,Papilloprotium,subserratum,F,laurel,"Alpahuayo, Peru",,,,,,3,,,,
19Nov2025,19112025,484,139,34,,,AMA-47,,Papilloprotium,subserratum,F,laurel,"Alpahuayo, Peru",,,,,,3,,,,
19Nov2025,19112025,485,140,35,,,AMA-44,,Papilloprotium,subserratum,F,laurel,"Alpahuayo, Peru",,,,,,3,,,,
19Nov2025,19112025,486,141,36,,,ALLPA-50,,Papilloprotium,subserratum,F,laurel,"Alpahuayo, Peru",,,,,,3,,,,
19Nov2025,19112025,487,142,37,,,AMA-48,,Papilloprotium,subserratum,F,laurel,"Alpahuayo, Peru",,,,,,3,,,,
19Nov2025,19112025,488,143,38,,,AMA-47-1?,,Papilloprotium,subserratum,F,laurel,"Alpahuayo, Peru",,,,,,3,,,,
19Nov2025,19112025,489,144,39,,,AMA-51,,Papilloprotium,subserratum,F,laurel,"Alpahuayo, Peru",,,,,,3,,,,
19Nov2025,19112025,490,145,40,,,AMA-49,,Papilloprotium,subserratum,F,laurel,"Alpahuayo, Peru",,,,,,3,,,,
24Nov2025,24112025,491,no number,41,,,SUB50,,Papilloprotium,subserratum,F,"laurel, hillary","Alpahuayo, Peru",,,,,,3,,,,
24Nov2025,24112025,492,,42,,,ALLPA1,,Papilloprotium,subserratum,F,"laurel, hillary","Alpahuayo, Peru",,,,,,3,,,,
24Nov2025,24112025,493,127,43,,,AMA-15,,Papilloprotium,subserratum,F,"laurel, hillary","Alpahuayo, Peru",,,,,,3,,,,
24Nov2025,24112025,494,128,44,,,AMA-53,,Papilloprotium,subserratum,F,"laurel, hillary","Alpahuayo, Peru",,,,,,3,,,,
24Nov2025,24112025,495,130,45,,,ALLPA-52(?),,Papilloprotium,subserratum,F,"laurel, hillary","Alpahuayo, Peru",,,,,,3,,,,
24Nov2025,24112025,496,129,46,,,ALLPA-48,,Papilloprotium,subserratum,F,"laurel, hillary","Alpahuayo, Peru",,,,,,3,,,,
24Nov2025,24112025,497,no number,47,,,ALLPA-47(?),,Papilloprotium,subserratum,F,"laurel, hillary","Alpahuayo, Peru",,,,,,3,,,,
24Nov2025,24112025,498,133,48,,,ALLPA-47(?),,Papilloprotium,subserratum,F,"laurel, hillary","Alpahuayo, Peru",,,,,,3,,,,
24Nov2025,24112025,499,132,49,,,ALLPA-51,,Papilloprotium,subserratum,F,"laurel, hillary","Alpahuayo, Peru",,,,,,3,,,,
24Nov2025,24112025,500,131,50,,,ALLPA-SUB-49,,Papilloprotium,subserratum,F,"laurel, hillary","Alpahuayo, Peru",,,,,,3,,,,
24Nov2025,24112025,501,126,51,,,ALLPA-45,,Papilloprotium,subserratum,F,"laurel, hillary","Alpahuayo, Peru",,,,,,3,,,,
24Nov2025,24112025,502,172,52,,,G-4,,Papilloprotium,subserratum,G ,"laurel, hillary",Guyana,,,,,,3,,,,
24Nov2025,24112025,503,173,53,,,G-3 Copy,,Papilloprotium,subserratum,G ,"laurel, hillary",Guyana,,,,,,3,,,,
24Nov2025,24112025,504,171,54,,,G-7,,Papilloprotium,subserratum,G ,"laurel, hillary",Guyana,,,,,,3,,,,
24Nov2025,24112025,505,170,55,,,G-1,,Papilloprotium,subserratum,G ,"laurel, hillary",Guyana,,,,,,3,,,,
24Nov2025,24112025,506,169,56,,,G-3,,Papilloprotium,subserratum,G ,"laurel, hillary",Guyana,,,,,,3,,,,
24Nov2025,24112025,507,168,57,,,G-17,,Papilloprotium,subserratum,G ,"laurel, hillary",Guyana,,,,,,3,,,,
24Nov2025,24112025,508,167,58,,,G-10,,Papilloprotium,subserratum,G ,"laurel, hillary",Guyana,,,,,,3,,,,
24Nov2025,24112025,509,166,59,,,G-1-Copy 2,,Papilloprotium,subserratum,G ,"laurel, hillary",Guyana,,,,,,3,,,,
24Nov2025,24112025,510,119,60,,,G-2,,Papilloprotium,subserratum,G ,"laurel, hillary",Guyana (north of Orondovic?),,,,,,3,,,,
24Nov2025,24112025,511,120,61,,,G-8,,Papilloprotium,subserratum,G ,"laurel, hillary",Guyana (north of Orondovic?),,,,,,3,,,,
24Nov2025,24112025,512,121,62,,,G-6,,Papilloprotium,subserratum,G ,"laurel, hillary",Guyana (north of Orondovic?),,,,,,3,,,,
24Nov2025,24112025,513,122,63,,,G-9,,Papilloprotium,subserratum,G ,"laurel, hillary",Guyana (north of Orondovic?),,,,,,3,,,,
24Nov2025,24112025,514,NA,64,,,"SUB 19, 20, 21",,Papilloprotium,subserratum,G ,"laurel, hillary",Guyana (north of Orondovic?),,,,,,3,,,,
24Nov2025,24112025,515,123,65,,,G-18,,Papilloprotium,subserratum,G ,"laurel, hillary",Guyana (north of Orondovic?),,,,,,3,,,,
24Nov2025,24112025,516,124,66,,,G-13,,Papilloprotium,subserratum,G ,"laurel, hillary",Guyana (north of Orondovic?),,,,,,3,,,,
24Nov2025,24112025,517,125,67,,,G-12,,Papilloprotium,subserratum,G ,"laurel, hillary",Guyana (north of Orondovic?),,,,,,3,,,,
24Nov2025,24112025,518,114,68,,,PS-36,,Papilloprotium,subserratum,A or C,"laurel, hillary","Jenaro Hemera, Peru",,,,,,3,,,,
24Nov2025,24112025,519,115,69,,,PS-38,,Papilloprotium,subserratum,A or C,"laurel, hillary","Jenaro Hemera, Peru",,,,,,3,,,,
24Nov2025,24112025,520,116,70,,,PS-39,,Papilloprotium,subserratum,A or C,"laurel, hillary","Jenaro Hemera, Peru",,,,,,3,,,,
24Nov2025,24112025,521,117,71,,,PS-40,,Papilloprotium,subserratum,A or C,"laurel, hillary","Jenaro Hemera, Peru",,,,,,3,,,,
24Nov2025,24112025,522,118,72,,,PS-41,,Papilloprotium,subserratum,A or C,"laurel, hillary","Jenaro Hemera, Peru",,,,,,3,,,,
24Nov2025,24112025,523,110,73,,,PS-17,,Papilloprotium,subserratum,A or C,"laurel, hillary","Jenaro Hemera, Peru",,,,,,3,,,,
24Nov2025,24112025,524,111,74,,,PS-19,,Papilloprotium,subserratum,A or C,"laurel, hillary","Jenaro Hemera, Peru",,,,,,3,,,,
24Nov2025,24112025,525,112,75,,,PS-21,,Papilloprotium,subserratum,A or C,"laurel, hillary","Jenaro Hemera, Peru",,,,,,3,,,,
24Nov2025,24112025,526,113,76,,,PS-35,,Papilloprotium,subserratum,A or C,"laurel, hillary","Jenaro Hemera, Peru",,,,,,3,,,,
24Nov2025,24112025,527,109,77,,,PS-16,,Papilloprotium,subserratum,A or C,"laurel, hillary","Jenaro Hemera, Peru",,,,,,3,,,,
24Nov2025,24112025,528,100,78,,,PS-18,,Papilloprotium,subserratum,A or C,"laurel, hillary","Jenaro Hemera, Peru",,,,,,3,,,,
24Nov2025,24112025,529,101,79,,,PS-20,,Papilloprotium,subserratum,A or C,"laurel, hillary","Jenaro Hemera, Peru",,,,,,3,,,,
24Nov2025,24112025,530,102,80,,,PS-22,,Papilloprotium,subserratum,A or C,"laurel, hillary","Jenaro Hemera, Peru",,,,,,3,,,,
24Nov2025,24112025,531,104,81,,,PS-27,,Papilloprotium,subserratum,A or C,"laurel, hillary","Jenaro Hemera, Peru",,,,,,3,,,,
24Nov2025,24112025,532,103,82,,,PS-23,,Papilloprotium,subserratum,A or C,"laurel, hillary","Jenaro Hemera, Peru",,,,,,3,,,,
24Nov2025,24112025,533,105,83,,,PS-28,,Papilloprotium,subserratum,A or C,"laurel, hillary","Jenaro Hemera, Peru",,,,,,3,,,,
24Nov2025,24112025,534,106,84,,,PS-37,,Papilloprotium,subserratum,A or C,"laurel, hillary","Jenaro Hemera, Peru",,,,,,3,,,,
24Nov2025,24112025,535,107,85,,,PS-42,,Papilloprotium,subserratum,A or C,"laurel, hillary","Jenaro Hemera, Peru",,,,,,3,,,,
24Nov2025,24112025,536,108,86,,,PS-43,,Papilloprotium,subserratum,A or C,"laurel, hillary","Jenaro Hemera, Peru",,,,,,3,,,,
